{
  "train": [
    {
      "loss": 11.541568160057068,
      "ce": 10.869874000549316,
      "mse": 1.3433884046971798,
      "causal": 0.0,
      "kolmogorov": 0.0
    }
  ],
  "val": [
    {
      "loss": 11.547398567199707
    }
  ]
}