{
  "train": [
    {
      "loss": 11.553229209899902,
      "ce": 10.879656982421874,
      "mse": 1.3471444685459137,
      "causal": 0.0,
      "kolmogorov": 0.0
    },
    {
      "loss": 11.55022261428833,
      "ce": 10.874330013275147,
      "mse": 1.3517851665019989,
      "causal": 0.0,
      "kolmogorov": 0.0
    }
  ],
  "val": [
    {
      "loss": 11.541639451980592
    },
    {
      "loss": 11.542620267868042
    }
  ]
}